{
  "phase1": {
    "dice_coefficient": [
      0.7305330634117126,
      0.8319505453109741,
      0.8440476655960083,
      0.8491301536560059,
      0.8522934913635254,
      0.8554913401603699,
      0.8570356369018555,
      0.8596987128257751,
      0.8612558245658875,
      0.8627722859382629,
      0.8645036220550537,
      0.864967942237854,
      0.866152822971344
    ],
    "iou_metric": [
      0.6930286884307861,
      0.74610435962677,
      0.7614443898200989,
      0.7681954503059387,
      0.7722465395927429,
      0.7764217257499695,
      0.7787156105041504,
      0.7822242975234985,
      0.7844358086585999,
      0.786467432975769,
      0.7886965870857239,
      0.7895810604095459,
      0.7910701632499695
    ],
    "loss": [
      0.41239920258522034,
      0.26236361265182495,
      0.24293990433216095,
      0.23522913455963135,
      0.23022370040416718,
      0.22470708191394806,
      0.2220287322998047,
      0.2183431088924408,
      0.21551693975925446,
      0.21282842755317688,
      0.20973695814609528,
      0.2094348967075348,
      0.20717844367027283
    ],
    "val_dice_coefficient": [
      0.8122419118881226,
      0.7888324856758118,
      0.8452588319778442,
      0.843161404132843,
      0.8368411064147949,
      0.8422581553459167,
      0.8555217981338501,
      0.8506784439086914,
      0.8540512919425964,
      0.8535076379776001,
      0.8548665642738342,
      0.8444391489028931,
      0.8509623408317566
    ],
    "val_iou_metric": [
      0.728937029838562,
      0.6861147284507751,
      0.7570557594299316,
      0.7526279091835022,
      0.7549770474433899,
      0.7609603404998779,
      0.7754688858985901,
      0.7788335680961609,
      0.7740752696990967,
      0.7758559584617615,
      0.7733736038208008,
      0.7594460844993591,
      0.7720854878425598
    ],
    "val_loss": [
      0.26547369360923767,
      0.3531273305416107,
      0.2291567027568817,
      0.23447230458259583,
      0.23052264750003815,
      0.22716639935970306,
      0.2069537341594696,
      0.20554111897945404,
      0.20891280472278595,
      0.20623846352100372,
      0.20979420840740204,
      0.224857896566391,
      0.20978057384490967
    ]
  },
  "phase2": {
    "dice_coefficient": [
      0.7946763038635254,
      0.8231937885284424,
      0.8328865766525269,
      0.8380534648895264,
      0.8438313007354736,
      0.8472295999526978,
      0.8503040671348572,
      0.853791356086731,
      0.85728919506073,
      0.8579158782958984,
      0.8596199750900269,
      0.8623368144035339,
      0.8620747327804565,
      0.8639629483222961,
      0.8652578592300415,
      0.8665565252304077,
      0.8668425679206848,
      0.868721604347229,
      0.8700117468833923,
      0.8699813485145569,
      0.8707682490348816,
      0.8716467022895813,
      0.8740796446800232,
      0.8740606904029846,
      0.8749930262565613,
      0.8752397298812866,
      0.8754954934120178,
      0.8772329688072205,
      0.8769675493240356,
      0.8786947727203369
    ],
    "iou_metric": [
      0.6924289464950562,
      0.7334335446357727,
      0.7476283311843872,
      0.7543614506721497,
      0.7620239853858948,
      0.7666071653366089,
      0.7700371742248535,
      0.7750149369239807,
      0.7793611288070679,
      0.7804585695266724,
      0.7827778458595276,
      0.7863573431968689,
      0.7856495380401611,
      0.7885944247245789,
      0.7901926636695862,
      0.7919744253158569,
      0.7923176288604736,
      0.795175313949585,
      0.7966912388801575,
      0.7965617179870605,
      0.7979249954223633,
      0.7989889979362488,
      0.8026193976402283,
      0.80219966173172,
      0.8035700917243958,
      0.8038525581359863,
      0.8043462634086609,
      0.8066819906234741,
      0.806139349937439,
      0.8088115453720093
    ],
    "loss": [
      0.3336668908596039,
      0.276998907327652,
      0.25883376598358154,
      0.24995240569114685,
      0.24033156037330627,
      0.23457549512386322,
      0.2307010143995285,
      0.22463059425354004,
      0.21998269855976105,
      0.21857130527496338,
      0.216156467795372,
      0.21222685277462006,
      0.21254859864711761,
      0.20933066308498383,
      0.2079935222864151,
      0.20543836057186127,
      0.2048971801996231,
      0.20212873816490173,
      0.2007569968700409,
      0.2001064270734787,
      0.19948936998844147,
      0.1976221203804016,
      0.19418326020240784,
      0.19430245459079742,
      0.1923472285270691,
      0.19212108850479126,
      0.19229744374752045,
      0.18938905000686646,
      0.18998925387859344,
      0.18705835938453674
    ],
    "val_dice_coefficient": [
      0.8325740098953247,
      0.8362836241722107,
      0.8389015793800354,
      0.8376351594924927,
      0.8409040570259094,
      0.8441263437271118,
      0.8434010148048401,
      0.846489667892456,
      0.8467046022415161,
      0.8463645577430725,
      0.8494616746902466,
      0.8516002893447876,
      0.8534271121025085,
      0.8525603413581848,
      0.8557666540145874,
      0.856806755065918,
      0.8552250862121582,
      0.8577712178230286,
      0.858467161655426,
      0.8607438206672668,
      0.8589162826538086,
      0.8581134080886841,
      0.8598413467407227,
      0.8615567088127136,
      0.860507607460022,
      0.8623605370521545,
      0.8618144989013672,
      0.8621955513954163,
      0.8623125553131104,
      0.8622693419456482
    ],
    "val_iou_metric": [
      0.7444668412208557,
      0.7526907920837402,
      0.7574114203453064,
      0.7552433013916016,
      0.7586824893951416,
      0.7633494734764099,
      0.7618900537490845,
      0.7659589648246765,
      0.7664502859115601,
      0.7657081484794617,
      0.7699044942855835,
      0.7728970050811768,
      0.7746980786323547,
      0.774310290813446,
      0.7782467007637024,
      0.7797654867172241,
      0.7774717807769775,
      0.7803282141685486,
      0.7812079191207886,
      0.7843149900436401,
      0.7819914221763611,
      0.779522180557251,
      0.7819954752922058,
      0.7842714786529541,
      0.782926082611084,
      0.7848837971687317,
      0.7835206985473633,
      0.7843056917190552,
      0.7850826382637024,
      0.7834692001342773
    ],
    "val_loss": [
      0.24261662364006042,
      0.2293616384267807,
      0.22357161343097687,
      0.2252834290266037,
      0.22196106612682343,
      0.21727922558784485,
      0.21906326711177826,
      0.21483682096004486,
      0.2153947651386261,
      0.2144733965396881,
      0.21186088025569916,
      0.2086762636899948,
      0.20753610134124756,
      0.20765066146850586,
      0.204326793551445,
      0.2034803032875061,
      0.20446671545505524,
      0.20262564718723297,
      0.20136061310768127,
      0.19904972612857819,
      0.20044834911823273,
      0.20380441844463348,
      0.20098647475242615,
      0.19877101480960846,
      0.20005400478839874,
      0.19737941026687622,
      0.19849418103694916,
      0.19861005246639252,
      0.1969059556722641,
      0.19951443374156952
    ]
  }
}