{
  "phase1": {
    "dice_coefficient": [
      0.7719852924346924,
      0.8373003005981445,
      0.8475012183189392,
      0.8513718247413635,
      0.8560858964920044,
      0.8592175245285034,
      0.8613202571868896,
      0.8639193773269653,
      0.8649295568466187,
      0.8661152720451355,
      0.8681115508079529,
      0.8694482445716858,
      0.8690928220748901,
      0.8703387975692749,
      0.8704478144645691
    ],
    "iou_metric": [
      0.7137320041656494,
      0.7530189156532288,
      0.7654152512550354,
      0.7703304886817932,
      0.7764768004417419,
      0.7806357741355896,
      0.7835015654563904,
      0.7871704697608948,
      0.7887547612190247,
      0.790456235408783,
      0.7931222915649414,
      0.794978678226471,
      0.7943471074104309,
      0.7962887287139893,
      0.7963280081748962
    ],
    "loss": [
      0.3409707546234131,
      0.250557005405426,
      0.23430055379867554,
      0.22743481397628784,
      0.22021473944187164,
      0.21539880335330963,
      0.211875319480896,
      0.20823073387145996,
      0.20648512244224548,
      0.20387424528598785,
      0.2011387199163437,
      0.19862861931324005,
      0.19946426153182983,
      0.19750550389289856,
      0.1974443793296814
    ],
    "val_dice_coefficient": [
      0.7986088991165161,
      0.7978533506393433,
      0.8240371346473694,
      0.8272138237953186,
      0.8114103078842163,
      0.8388730883598328,
      0.8240868449211121,
      0.8335007429122925,
      0.8380591869354248,
      0.8330605030059814,
      0.8335645794868469,
      0.8330472707748413,
      0.8273031115531921,
      0.837570309638977,
      0.8309803009033203
    ],
    "val_iou_metric": [
      0.7084301114082336,
      0.7061759829521179,
      0.7317565083503723,
      0.7374199628829956,
      0.7180968523025513,
      0.7488752007484436,
      0.7377550005912781,
      0.7416355609893799,
      0.7528586983680725,
      0.7457901239395142,
      0.7419893145561218,
      0.7509418725967407,
      0.7386086583137512,
      0.7517670392990112,
      0.7428278923034668
    ],
    "val_loss": [
      0.3139205276966095,
      0.32504552602767944,
      0.28264346718788147,
      0.2820178270339966,
      0.3240397274494171,
      0.2680513560771942,
      0.2777591049671173,
      0.28211668133735657,
      0.2666936218738556,
      0.2668246924877167,
      0.27734607458114624,
      0.26043808460235596,
      0.2759440541267395,
      0.2586299180984497,
      0.2705046236515045
    ]
  },
  "phase2": {
    "dice_coefficient": [
      0.7927183508872986,
      0.8292843103408813,
      0.8372601866722107,
      0.8422879576683044,
      0.846060037612915,
      0.851123571395874,
      0.8530523777008057,
      0.8558804988861084,
      0.8580970764160156,
      0.8601851463317871,
      0.8616275787353516,
      0.8627035021781921,
      0.8647362589836121,
      0.8671201467514038,
      0.8670099377632141,
      0.8691850304603577,
      0.8700323700904846,
      0.8703740835189819
    ],
    "iou_metric": [
      0.6870117783546448,
      0.7389115691184998,
      0.7514362931251526,
      0.7586648464202881,
      0.7639784812927246,
      0.7712556719779968,
      0.773410439491272,
      0.7773382067680359,
      0.7802878618240356,
      0.7832404971122742,
      0.7849783897399902,
      0.7864070534706116,
      0.7894522547721863,
      0.7925189137458801,
      0.7921454906463623,
      0.7951377630233765,
      0.796439528465271,
      0.7967244386672974
    ],
    "loss": [
      0.33975207805633545,
      0.2652268707752228,
      0.24889232218265533,
      0.24030469357967377,
      0.23330549895763397,
      0.2253783494234085,
      0.2224491387605667,
      0.21771275997161865,
      0.21439909934997559,
      0.2111106812953949,
      0.20931366086006165,
      0.20777226984500885,
      0.20401014387607574,
      0.20071196556091309,
      0.20100390911102295,
      0.19784532487392426,
      0.1964615136384964,
      0.19610543549060822
    ],
    "val_dice_coefficient": [
      0.7914522886276245,
      0.8029674291610718,
      0.8086491823196411,
      0.8143937587738037,
      0.8163896799087524,
      0.8179944753646851,
      0.8201819062232971,
      0.8202432990074158,
      0.8223630785942078,
      0.8233864307403564,
      0.8214319348335266,
      0.8230603933334351,
      0.8203933238983154,
      0.823243260383606,
      0.8208087086677551,
      0.8199970126152039,
      0.8228672742843628,
      0.8250642418861389
    ],
    "val_iou_metric": [
      0.6913192868232727,
      0.7085061073303223,
      0.7157471179962158,
      0.7248167991638184,
      0.7282114624977112,
      0.7290263772010803,
      0.7314269542694092,
      0.7312124967575073,
      0.7336761355400085,
      0.7344153523445129,
      0.7320716977119446,
      0.7337786555290222,
      0.7291090488433838,
      0.7330078482627869,
      0.7293145656585693,
      0.7280906438827515,
      0.7318702340126038,
      0.7347005605697632
    ],
    "val_loss": [
      0.32930830121040344,
      0.3062666058540344,
      0.29556912183761597,
      0.2859771251678467,
      0.2813253700733185,
      0.2793923318386078,
      0.2774905860424042,
      0.27714651823043823,
      0.2759362757205963,
      0.2746697962284088,
      0.2776152491569519,
      0.2747185230255127,
      0.2811877131462097,
      0.2790258228778839,
      0.27966099977493286,
      0.2849302887916565,
      0.2792688310146332,
      0.27513325214385986
    ]
  }
}