{
  "phase1": {
    "dice_coefficient": [
      0.742084801197052,
      0.827966034412384,
      0.8392960429191589,
      0.84552001953125,
      0.8489245176315308,
      0.8524903059005737,
      0.8543699383735657,
      0.8574638962745667,
      0.8573141098022461,
      0.8587232232093811,
      0.8604205846786499,
      0.8615778684616089,
      0.8635707497596741,
      0.8636153936386108,
      0.863596498966217
    ],
    "iou_metric": [
      0.7000370621681213,
      0.7418062686920166,
      0.755505383014679,
      0.7632099390029907,
      0.7680026292800903,
      0.7724190354347229,
      0.7751017212867737,
      0.7793514728546143,
      0.7788207530975342,
      0.7808337807655334,
      0.7832386493682861,
      0.7848709225654602,
      0.7873688340187073,
      0.7873212099075317,
      0.7874483466148376
    ],
    "loss": [
      0.3934403657913208,
      0.2680343985557556,
      0.24952909350395203,
      0.24105729162693024,
      0.23469924926757812,
      0.2288326770067215,
      0.22594156861305237,
      0.220948725938797,
      0.22051697969436646,
      0.21813784539699554,
      0.21605508029460907,
      0.21401192247867584,
      0.21046778559684753,
      0.21051684021949768,
      0.21053040027618408
    ],
    "val_dice_coefficient": [
      0.831461489200592,
      0.8450940847396851,
      0.8418342471122742,
      0.8364948034286499,
      0.833697497844696,
      0.853939414024353,
      0.8605843186378479,
      0.8532255291938782,
      0.8587257266044617,
      0.8666629791259766,
      0.850178599357605,
      0.8419123291969299,
      0.8670689463615417,
      0.8627906441688538,
      0.8614019751548767
    ],
    "val_iou_metric": [
      0.7641775608062744,
      0.7608147859573364,
      0.7577399611473083,
      0.7616873979568481,
      0.7475693225860596,
      0.7757734656333923,
      0.7787571549415588,
      0.7716293334960938,
      0.7780190706253052,
      0.795419454574585,
      0.7643008232116699,
      0.7569786906242371,
      0.7875019311904907,
      0.783189058303833,
      0.7819252014160156
    ],
    "val_loss": [
      0.24434052407741547,
      0.23487284779548645,
      0.24320614337921143,
      0.23879291117191315,
      0.2534063458442688,
      0.22643117606639862,
      0.21951070427894592,
      0.22745130956172943,
      0.21915748715400696,
      0.20146141946315765,
      0.2315085083246231,
      0.2370900958776474,
      0.20785346627235413,
      0.21377351880073547,
      0.21430246531963348
    ]
  },
  "phase2": {
    "dice_coefficient": [
      0.7786102294921875,
      0.8179201483726501,
      0.8271436095237732,
      0.8323047161102295,
      0.83802729845047,
      0.8416144847869873,
      0.8448809385299683,
      0.8474593162536621,
      0.8493201732635498,
      0.852503776550293,
      0.8535478115081787,
      0.8558197021484375,
      0.8561364412307739,
      0.8584417700767517,
      0.8593228459358215,
      0.8612615466117859,
      0.8622085452079773,
      0.86417555809021,
      0.8642392754554749,
      0.865685224533081,
      0.8665084838867188,
      0.8679824471473694,
      0.867584764957428,
      0.8688285946846008,
      0.869604766368866,
      0.8708345293998718,
      0.8717500567436218,
      0.8720169067382812,
      0.8721527457237244,
      0.8728106617927551
    ],
    "iou_metric": [
      0.6760546565055847,
      0.7265706062316895,
      0.7391418218612671,
      0.746293306350708,
      0.7545396089553833,
      0.759138286113739,
      0.7636258602142334,
      0.7666873931884766,
      0.7692136168479919,
      0.7735859751701355,
      0.7747999429702759,
      0.778063952922821,
      0.7780248522758484,
      0.781724214553833,
      0.7829684615135193,
      0.7852855324745178,
      0.7864944338798523,
      0.78943932056427,
      0.7891800999641418,
      0.7913469076156616,
      0.7923521995544434,
      0.794488787651062,
      0.7935982942581177,
      0.7957070469856262,
      0.7967573404312134,
      0.7980716824531555,
      0.7994687557220459,
      0.7999773025512695,
      0.7998925447463989,
      0.8008370399475098
    ],
    "loss": [
      0.36389976739883423,
      0.2852489948272705,
      0.2690824866294861,
      0.25854024291038513,
      0.24829789996147156,
      0.2425258457660675,
      0.23818562924861908,
      0.23309415578842163,
      0.23085752129554749,
      0.22640007734298706,
      0.22436654567718506,
      0.2204766422510147,
      0.22045575082302094,
      0.21676810085773468,
      0.21471752226352692,
      0.2121807038784027,
      0.21075233817100525,
      0.20728568732738495,
      0.20794302225112915,
      0.20575354993343353,
      0.2042548954486847,
      0.2019595056772232,
      0.2029210776090622,
      0.20090630650520325,
      0.19958055019378662,
      0.1980421394109726,
      0.19668300449848175,
      0.19615915417671204,
      0.19543881714344025,
      0.1945384293794632
    ],
    "val_dice_coefficient": [
      0.8317557573318481,
      0.8379111289978027,
      0.8403634428977966,
      0.8399191498756409,
      0.8392009139060974,
      0.8402178287506104,
      0.8398376703262329,
      0.83404541015625,
      0.8398754000663757,
      0.8360186815261841,
      0.8420203328132629,
      0.8467791676521301,
      0.8469235897064209,
      0.8439880013465881,
      0.8489192128181458,
      0.8504977226257324,
      0.8499771952629089,
      0.851082980632782,
      0.8522619605064392,
      0.8526808619499207,
      0.85667484998703,
      0.8536309003829956,
      0.8563424944877625,
      0.8584161400794983,
      0.8562291860580444,
      0.8496025800704956,
      0.85489422082901,
      0.8560343384742737,
      0.8585353493690491,
      0.855728268623352
    ],
    "val_iou_metric": [
      0.7438369989395142,
      0.7521961331367493,
      0.7555338740348816,
      0.7538798451423645,
      0.7517105340957642,
      0.7537642121315002,
      0.752473771572113,
      0.7436277866363525,
      0.7518656253814697,
      0.7467091679573059,
      0.7543951272964478,
      0.7614554762840271,
      0.7616614699363708,
      0.7576045989990234,
      0.7642892599105835,
      0.7663156390190125,
      0.7642787098884583,
      0.7664456367492676,
      0.7676414251327515,
      0.7687515020370483,
      0.7742830514907837,
      0.7691755294799805,
      0.773703396320343,
      0.7767423391342163,
      0.7735720872879028,
      0.7637372016906738,
      0.7712217569351196,
      0.7732011675834656,
      0.7770469188690186,
      0.7722577452659607
    ],
    "val_loss": [
      0.25161758065223694,
      0.2401181310415268,
      0.2362803965806961,
      0.2376910299062729,
      0.23855368793010712,
      0.2366967350244522,
      0.2376122623682022,
      0.24646829068660736,
      0.2381872534751892,
      0.24379244446754456,
      0.23619961738586426,
      0.22960688173770905,
      0.22915731370449066,
      0.23391754925251007,
      0.2266644835472107,
      0.22473497688770294,
      0.2271053045988083,
      0.22540296614170074,
      0.22352559864521027,
      0.2214268296957016,
      0.2171817272901535,
      0.22236517071723938,
      0.2175780087709427,
      0.21470226347446442,
      0.21837715804576874,
      0.2279539555311203,
      0.22051632404327393,
      0.21797505021095276,
      0.21423280239105225,
      0.2192671149969101
    ]
  }
}