{
  "phase1": {
    "dice_coefficient": [
      0.7543376684188843,
      0.8294201493263245,
      0.8414925336837769,
      0.8468877673149109,
      0.8520199060440063,
      0.8546856045722961,
      0.8571859002113342,
      0.8593804240226746,
      0.8608090281486511,
      0.8631083965301514,
      0.8635919690132141
    ],
    "iou_metric": [
      0.6958800554275513,
      0.7426491975784302,
      0.7575352191925049,
      0.7644165754318237,
      0.7711786031723022,
      0.7748429775238037,
      0.7781856060028076,
      0.7811564207077026,
      0.7828978300094604,
      0.7862026691436768,
      0.7869756817817688
    ],
    "loss": [
      0.369215190410614,
      0.2633775472640991,
      0.24467691779136658,
      0.2354395091533661,
      0.22752657532691956,
      0.22407220304012299,
      0.21973690390586853,
      0.21596133708953857,
      0.21369774639606476,
      0.2097765952348709,
      0.20933055877685547
    ],
    "val_dice_coefficient": [
      0.8380531072616577,
      0.8366966843605042,
      0.8424438238143921,
      0.8404971957206726,
      0.8276264071464539,
      0.8563517928123474,
      0.8493840098381042,
      0.8523738384246826,
      0.846519410610199,
      0.843464732170105,
      0.8552083373069763
    ],
    "val_iou_metric": [
      0.7591893672943115,
      0.7485005259513855,
      0.7616716623306274,
      0.7601587772369385,
      0.7336400151252747,
      0.7880889177322388,
      0.7762102484703064,
      0.7746362686157227,
      0.7724695205688477,
      0.7605488896369934,
      0.7784444093704224
    ],
    "val_loss": [
      0.23967628180980682,
      0.2616574466228485,
      0.23831114172935486,
      0.2496105432510376,
      0.26656022667884827,
      0.20842726528644562,
      0.224762424826622,
      0.22589924931526184,
      0.2346552461385727,
      0.24506112933158875,
      0.22173336148262024
    ]
  },
  "phase2": {
    "dice_coefficient": [
      0.7920159697532654,
      0.8235551118850708,
      0.8323955535888672,
      0.8384445309638977,
      0.842609167098999,
      0.8454877138137817,
      0.8497135043144226,
      0.8515157699584961,
      0.8555930852890015,
      0.8570835590362549,
      0.8594741821289062,
      0.8612443208694458,
      0.8628150224685669,
      0.8647254109382629,
      0.8646849393844604,
      0.8665633797645569,
      0.8686015009880066,
      0.8669043183326721,
      0.8691374063491821,
      0.8705901503562927,
      0.8715375661849976,
      0.8718568086624146,
      0.8723198175430298,
      0.8734451532363892,
      0.8733886480331421,
      0.8751569390296936,
      0.876178503036499,
      0.876292884349823,
      0.8760178685188293,
      0.8771680593490601
    ],
    "iou_metric": [
      0.6907153725624084,
      0.7347484827041626,
      0.7465363144874573,
      0.7546246647834778,
      0.7598406672477722,
      0.7635470032691956,
      0.7696910500526428,
      0.7714928984642029,
      0.7774451971054077,
      0.7791260480880737,
      0.7825686931610107,
      0.7844600677490234,
      0.786996066570282,
      0.7892695665359497,
      0.7894230484962463,
      0.7917318940162659,
      0.7943713068962097,
      0.7920615673065186,
      0.7954173684120178,
      0.7973147034645081,
      0.7987062335014343,
      0.7990275025367737,
      0.7997528910636902,
      0.8014432787895203,
      0.801044762134552,
      0.803758442401886,
      0.8047579526901245,
      0.8050870895385742,
      0.8047667741775513,
      0.8063134551048279
    ],
    "loss": [
      0.33243706822395325,
      0.271666944026947,
      0.2557544708251953,
      0.24544024467468262,
      0.23887798190116882,
      0.2342214435338974,
      0.22729240357875824,
      0.22598831355571747,
      0.219413623213768,
      0.21714335680007935,
      0.2129528671503067,
      0.21135011315345764,
      0.20852620899677277,
      0.2056179642677307,
      0.2055130898952484,
      0.20307913422584534,
      0.20014826953411102,
      0.20194612443447113,
      0.19853396713733673,
      0.19679461419582367,
      0.19520045816898346,
      0.19519807398319244,
      0.19382500648498535,
      0.19235751032829285,
      0.1922769844532013,
      0.1891457885503769,
      0.18819478154182434,
      0.18852117657661438,
      0.18820883333683014,
      0.1863311231136322
    ],
    "val_dice_coefficient": [
      0.8302295804023743,
      0.8315284252166748,
      0.8354138731956482,
      0.836563229560852,
      0.8384528756141663,
      0.841460108757019,
      0.8409163355827332,
      0.8409594893455505,
      0.8437820076942444,
      0.8425414562225342,
      0.8432687520980835,
      0.8484797477722168,
      0.8461278080940247,
      0.8458532691001892,
      0.8489977121353149,
      0.8480794429779053,
      0.8505193591117859,
      0.8491328358650208,
      0.8504539728164673,
      0.8489109873771667,
      0.8501631021499634,
      0.8522841334342957,
      0.8531765341758728,
      0.8509779572486877,
      0.8543034195899963,
      0.8526757955551147,
      0.8525936603546143,
      0.8528029918670654,
      0.8530464768409729,
      0.8518117666244507
    ],
    "val_iou_metric": [
      0.7436106204986572,
      0.7475357055664062,
      0.7529199123382568,
      0.7543800473213196,
      0.7569444179534912,
      0.7613525390625,
      0.759903073310852,
      0.758931577205658,
      0.7628879547119141,
      0.760831892490387,
      0.7617728114128113,
      0.7688325643539429,
      0.7647467851638794,
      0.7642221450805664,
      0.7684488296508789,
      0.7665343284606934,
      0.7704143524169922,
      0.7685738205909729,
      0.7705222964286804,
      0.7682803869247437,
      0.7695711851119995,
      0.7727428674697876,
      0.7741914987564087,
      0.770110011100769,
      0.7749353051185608,
      0.7729564905166626,
      0.7725902199745178,
      0.7729074954986572,
      0.772398054599762,
      0.770710289478302
    ],
    "val_loss": [
      0.26329874992370605,
      0.2626027464866638,
      0.25671932101249695,
      0.254753977060318,
      0.2526421546936035,
      0.24796928465366364,
      0.25187623500823975,
      0.2513006925582886,
      0.24630990624427795,
      0.24949653446674347,
      0.2515217959880829,
      0.2389945238828659,
      0.24335409700870514,
      0.24582317471504211,
      0.2404465675354004,
      0.2448132038116455,
      0.23828797042369843,
      0.2409362941980362,
      0.23977839946746826,
      0.24351054430007935,
      0.24065960943698883,
      0.23657865822315216,
      0.23303255438804626,
      0.2398749738931656,
      0.2341676503419876,
      0.239034503698349,
      0.23842677474021912,
      0.23931506276130676,
      0.23816460371017456,
      0.24108019471168518
    ]
  }
}