{
  "phase1": {
    "dice_coefficient": [
      0.7652989029884338,
      0.8242408633232117,
      0.8335165977478027,
      0.8407701849937439,
      0.8447762727737427,
      0.8470760583877563,
      0.849448025226593,
      0.8507201671600342,
      0.8536452054977417,
      0.8555884957313538,
      0.8566332459449768,
      0.8579278588294983,
      0.8597342371940613,
      0.8596296310424805,
      0.8604461550712585
    ],
    "iou_metric": [
      0.6916099190711975,
      0.7343090772628784,
      0.7457321882247925,
      0.7550018429756165,
      0.7601816654205322,
      0.7634071111679077,
      0.7664487957954407,
      0.7681109309196472,
      0.7722719311714172,
      0.7749155759811401,
      0.7761765122413635,
      0.7781704068183899,
      0.7805510759353638,
      0.780275821685791,
      0.7815390229225159
    ],
    "loss": [
      0.3476373255252838,
      0.2670026421546936,
      0.2520289123058319,
      0.2403419315814972,
      0.23419682681560516,
      0.2308461219072342,
      0.22690828144550323,
      0.22467195987701416,
      0.2203931212425232,
      0.21793867647647858,
      0.21586672961711884,
      0.21419869363307953,
      0.21121183037757874,
      0.2111610472202301,
      0.20976229012012482
    ],
    "val_dice_coefficient": [
      0.8774329423904419,
      0.8442452549934387,
      0.8777971267700195,
      0.8676192760467529,
      0.8677285313606262,
      0.8792902231216431,
      0.8844465017318726,
      0.8782809972763062,
      0.8804710507392883,
      0.8854742646217346,
      0.877947211265564,
      0.8921847939491272,
      0.8893177509307861,
      0.8796601891517639,
      0.8881609439849854
    ],
    "val_iou_metric": [
      0.8125910758972168,
      0.7629419565200806,
      0.8161666989326477,
      0.7976507544517517,
      0.8055462837219238,
      0.8134986758232117,
      0.8167001605033875,
      0.8101633191108704,
      0.8110896348953247,
      0.8243624567985535,
      0.81187504529953,
      0.8329336643218994,
      0.8269131779670715,
      0.8152984976768494,
      0.8302608728408813
    ],
    "val_loss": [
      0.20798788964748383,
      0.2517189681529999,
      0.20785552263259888,
      0.21935193240642548,
      0.20734620094299316,
      0.2001468688249588,
      0.20198489725589752,
      0.2072414606809616,
      0.20382952690124512,
      0.18928122520446777,
      0.19587640464305878,
      0.17504417896270752,
      0.18567395210266113,
      0.19529832899570465,
      0.17789365351200104
    ]
  },
  "phase2": {
    "dice_coefficient": [
      0.785190224647522,
      0.8175842761993408,
      0.8259397149085999,
      0.8311415910720825,
      0.8359881639480591,
      0.8413521647453308,
      0.8436722755432129,
      0.8467797636985779,
      0.8487436771392822,
      0.851486325263977,
      0.8529015183448792,
      0.8545766472816467,
      0.8556568026542664,
      0.8587844967842102,
      0.8588331341743469,
      0.859843373298645,
      0.8611802458763123,
      0.8610469698905945,
      0.8629764914512634,
      0.8647536635398865,
      0.8648561835289001,
      0.8656387329101562,
      0.865689754486084,
      0.8663156032562256,
      0.8669757843017578,
      0.8686930537223816,
      0.8690801858901978,
      0.8694583773612976,
      0.8706755042076111
    ],
    "iou_metric": [
      0.674694836139679,
      0.722194492816925,
      0.7351287603378296,
      0.7425320148468018,
      0.749005913734436,
      0.7561241984367371,
      0.7589426040649414,
      0.7632235884666443,
      0.7658343315124512,
      0.769569456577301,
      0.7715809941291809,
      0.7737923264503479,
      0.775359034538269,
      0.7796575427055359,
      0.779388964176178,
      0.7810214161872864,
      0.7828531265258789,
      0.7824353575706482,
      0.7852229475975037,
      0.7877640724182129,
      0.787972629070282,
      0.788952112197876,
      0.7888396382331848,
      0.7896916270256042,
      0.7907505035400391,
      0.7930693626403809,
      0.7937728762626648,
      0.7944026589393616,
      0.7959263920783997
    ],
    "loss": [
      0.35032448172569275,
      0.28010293841362,
      0.2627599537372589,
      0.25358846783638,
      0.24630016088485718,
      0.2375316172838211,
      0.23409485816955566,
      0.22916565835475922,
      0.22586390376091003,
      0.22214196622371674,
      0.22008313238620758,
      0.21806877851486206,
      0.21587955951690674,
      0.2116992175579071,
      0.21164515614509583,
      0.20970793068408966,
      0.20765997469425201,
      0.207965686917305,
      0.204926535487175,
      0.20259487628936768,
      0.20175905525684357,
      0.2012658268213272,
      0.20109644532203674,
      0.2000592201948166,
      0.19859465956687927,
      0.19644120335578918,
      0.19527648389339447,
      0.19502238929271698,
      0.19335603713989258
    ],
    "val_dice_coefficient": [
      0.8678064942359924,
      0.867095947265625,
      0.8703569173812866,
      0.8690902590751648,
      0.8758798241615295,
      0.8766751885414124,
      0.8780857920646667,
      0.8811842799186707,
      0.8809112906455994,
      0.880798876285553,
      0.8811488151550293,
      0.8828239440917969,
      0.8816259503364563,
      0.8836466073989868,
      0.8854290246963501,
      0.8845061659812927,
      0.887133777141571,
      0.8858407735824585,
      0.8883597254753113,
      0.8879373669624329,
      0.8893358707427979,
      0.8850967288017273,
      0.8861637711524963,
      0.8880466222763062,
      0.888356626033783,
      0.8910316228866577,
      0.8886092305183411,
      0.887839674949646,
      0.8911427855491638
    ],
    "val_iou_metric": [
      0.7955178618431091,
      0.7971135377883911,
      0.8022080659866333,
      0.7995632886886597,
      0.8106710314750671,
      0.8116523623466492,
      0.8127633333206177,
      0.8164679408073425,
      0.8157257437705994,
      0.816925585269928,
      0.8157097697257996,
      0.818182647228241,
      0.8169534802436829,
      0.8193132281303406,
      0.8230717778205872,
      0.8210427761077881,
      0.8253618478775024,
      0.8229667544364929,
      0.8272473216056824,
      0.8252626657485962,
      0.827610194683075,
      0.820093035697937,
      0.8220636248588562,
      0.8254432678222656,
      0.8261050581932068,
      0.8307438492774963,
      0.8259455561637878,
      0.8240604400634766,
      0.8306025862693787
    ],
    "val_loss": [
      0.23075006902217865,
      0.22332145273685455,
      0.21193677186965942,
      0.21393251419067383,
      0.20084528625011444,
      0.19794924557209015,
      0.19611334800720215,
      0.1919185221195221,
      0.19410330057144165,
      0.1926179975271225,
      0.19501979649066925,
      0.1935189962387085,
      0.19423867762088776,
      0.19477896392345428,
      0.18993020057678223,
      0.19149106740951538,
      0.18561913073062897,
      0.18848632276058197,
      0.1824634075164795,
      0.18402445316314697,
      0.18148648738861084,
      0.1958899348974228,
      0.1906842142343521,
      0.1860346645116806,
      0.185936838388443,
      0.18181444704532623,
      0.18832185864448547,
      0.18559591472148895,
      0.1816822588443756
    ]
  }
}